Workbook

Sheet Referensi Bahan Baku
A1: REFERENSI NILAI NUTRISI — FORMULA PAKAN AYAM BURAS (PPBIB)
A2: ME = Energi Metabolis untuk Unggas. Kolom ORANGE (Harga) = update sesuai harga pasar lokal.
A3: No | B3: Nama Bahan | C3: Harga/kg (Rp) | D3: Kadar Air (%) | E3: Protein (%) | F3: Lemak (%) | G3: Serat Kasar (%) | H3: Abu (%) | I3: Ca (%) | J3: Fosfor tsd (%) | K3: ME (kcal/kg) | L3: Lisin (%) | M3: Metionin (%) | N3: Harga Prot (Rp/%) | O3: Kategori
A4: 1 | B4: Jagung | C4: 6000 | D4: 13 | E4: 8 | F4: 3.8 | G4: 2.2 | H4: 1.76 | I4: 0.03 | J4: 0.08 | K4: 3300 | L4: 0.25 | M4: 0.18 | N4: =C4/E4 | O4: Energi
A5: 2 | B5: Gaplek | C5: 3500 | D5: 14 | E5: 2 | F5: 0.5 | G5: 4 | H5: 2 | I5: 0.1 | J5: 0.04 | K5: 3200 | L5: 0.05 | M5: 0.02 | N5: =C5/E5 | O5: Energi
A6: 3 | B6: Polar (Wheat Pollard) | C6: 4050 | D6: 13 | E6: 14 | F6: 3.5 | G6: 8 | H6: 5 | I6: 0.15 | J6: 0.35 | K6: 1600 | L6: 0.55 | M6: 0.25 | N6: =C6/E6 | O6: Protein/Energi
A7: 4 | B7: CGF (Corn Gluten Feed) | C7: 5000 | D7: 10 | E7: 24.39 | F7: 2.2 | G7: 7.27 | H7: 6.4 | I7: 0.15 | J7: 0.3 | K7: 1890 | L7: 0.65 | M7: 0.4 | N7: =C7/E7 | O7: Protein Nabati
A8: 5 | B8: SBM (Bungkil Kedelai) | C8: 8500 | D8: 11 | E8: 45.53 | F8: 1.76 | G8: 5.89 | H8: 6.24 | I8: 0.3 | J8: 0.22 | K8: 2240 | L8: 2.92 | M8: 0.64 | N8: =C8/E8 | O8: Protein Nabati
A9: 6 | B9: CGM (Corn Gluten Meal) | C9: 10000 | D9: 10 | E9: 64 | F9: 2.91 | G9: 0.8 | H9: 2.68 | I9: 0.03 | J9: 0.08 | K9: 3450 | L9: 1 | M9: 1.72 | N9: =C9/E9 | O9: Protein Nabati
A10: 7 | B10: MBM (Meat Bone Meal) | C10: 10000 | D10: 6 | E10: 52.57 | F10: 8.82 | G10: 2.41 | H10: 29.53 | I10: 9.5 | J10: 4.5 | K10: 2375 | L10: 2.8 | M10: 0.65 | N10: =C10/E10 | O10: Protein Hewani
A11: 8 | B11: Mineral (Ca-P supp.) | C11: 8000 | D11: 2 | E11: 0 | F11: 0 | G11: 0 | H11: 0 | I11: 22 | J11: 18 | L11: 0 | M11: 0 | O11: Mineral
A12: 9 | B12: Top Mix (Premix) | C12: 25000 | D12: 1 | E12: 0 | F12: 0 | G12: 0 | H12: 0 | I12: 0 | J12: 0 | L12: 0 | M12: 0 | O12: Vitamin-Mineral
A13: 10 | B13: L-Lisin HCl | C13: 50000 | D13: 2 | E13: 95.8 | F13: 0 | G13: 0 | H13: 0 | I13: 0 | J13: 0 | K13: 3990 | L13: 78 | M13: 0 | N13: =C13/E13 | O13: Asam Amino
A14: 11 | B14: Propionic Acid | C14: 15000 | D14: 1 | E14: 0 | F14: 0 | G14: 0 | H14: 0 | I14: 0 | J14: 0 | L14: 0 | M14: 0 | O14: Aditif (pengawet)
A15: 12 | B15: Choline Chloride 60% | C15: 50000 | D15: 2 | E15: 0 | F15: 0 | G15: 0 | H15: 0 | I15: 0 | J15: 0 | L15: 0 | M15: 0 | O15: Aditif

Sheet Formula Builder
A1: PPBIB — FORMULASI PAKAN AYAM BURAS | Fase: GROWER (SNI Ditjennak / NRC Poultry)
A2: Instruktur: Aditiya Nugraha — PPBIB | Formula dirancang untuk Ayam Buras Grower: Protein 16–18%, ME 2700–2900 kcal/kg | AB2: ⬇ Total Batch (kg) | AC2: 100
A3: No | B3: Nama Bahan | C3: Proporsi (%) | D3: Kadar Air (%) | E3: Kontrib Air | F3: Protein (%) | G3: Kontrib Protein | H3: Lemak (%) | I3: Kontrib Lemak | J3: Serat Kasar (%) | K3: Kontrib SK | L3: Abu (%) | M3: Kontrib Abu | N3: Ca (%) | O3: Kontrib Ca | P3: Fosfor tsd (%) | Q3: Kontrib P | R3: ME (kcal/kg) | S3: Kontrib ME | T3: Lisin (%) | U3: Kontrib Lisin | V3: Metionin (%) | W3: Kontrib Met | X3: Harga/kg (Rp) | Y3: Biaya/kg Pakan | Z3: Proporsi (kg)
A4: No | B4: Nama Bahan | C4: ← UBAH INI | D4: Auto-Ref | E4: =C×D÷100 | F4: Auto-Ref | G4: =C×F÷100 | H4: Auto-Ref | I4: =C×H÷100 | J4: Auto-Ref | K4: =C×J÷100 | L4: Auto-Ref | M4: =C×L÷100 | N4: Auto-Ref | O4: =C×N÷100 | P4: Auto-Ref | Q4: =C×P÷100 | R4: Auto-Ref | S4: =C×R÷100 | T4: Auto-Ref | U4: =C×T÷100 | V4: Auto-Ref | W4: =C×V÷100 | X4: Auto-Ref | Y4: =C×X÷100 | Z4: =C÷100×batch
A6: 1 | B6: Jagung | C6: 57.4 | D6: ='Referensi Bahan Baku'!D4 | E6: =C6*D6/100 | F6: ='Referensi Bahan Baku'!E4 | G6: =C6*F6/100 | H6: ='Referensi Bahan Baku'!F4 | I6: =C6*H6/100 | J6: ='Referensi Bahan Baku'!G4 | K6: =C6*J6/100 | L6: ='Referensi Bahan Baku'!H4 | M6: =C6*L6/100 | N6: ='Referensi Bahan Baku'!I4 | O6: =C6*N6/100 | P6: ='Referensi Bahan Baku'!J4 | Q6: =C6*P6/100 | R6: ='Referensi Bahan Baku'!K4 | S6: =IF(ISNUMBER(R6),C6*R6/100,0) | T6: ='Referensi Bahan Baku'!L4 | U6: =C6*T6/100 | V6: ='Referensi Bahan Baku'!M4 | W6: =C6*V6/100 | X6: ='Referensi Bahan Baku'!C4 | Y6: =C6*X6/100 | Z6: =C6/100*$AC$2
A7: 2 | B7: Gaplek | C7: 4 | D7: ='Referensi Bahan Baku'!D5 | E7: =C7*D7/100 | F7: ='Referensi Bahan Baku'!E5 | G7: =C7*F7/100 | H7: ='Referensi Bahan Baku'!F5 | I7: =C7*H7/100 | J7: ='Referensi Bahan Baku'!G5 | K7: =C7*J7/100 | L7: ='Referensi Bahan Baku'!H5 | M7: =C7*L7/100 | N7: ='Referensi Bahan Baku'!I5 | O7: =C7*N7/100 | P7: ='Referensi Bahan Baku'!J5 | Q7: =C7*P7/100 | R7: ='Referensi Bahan Baku'!K5 | S7: =IF(ISNUMBER(R7),C7*R7/100,0) | T7: ='Referensi Bahan Baku'!L5 | U7: =C7*T7/100 | V7: ='Referensi Bahan Baku'!M5 | W7: =C7*V7/100 | X7: ='Referensi Bahan Baku'!C5 | Y7: =C7*X7/100 | Z7: =C7/100*$AC$2
A8: 3 | B8: Polar (Wheat Pollard) | C8: 10 | D8: ='Referensi Bahan Baku'!D6 | E8: =C8*D8/100 | F8: ='Referensi Bahan Baku'!E6 | G8: =C8*F8/100 | H8: ='Referensi Bahan Baku'!F6 | I8: =C8*H8/100 | J8: ='Referensi Bahan Baku'!G6 | K8: =C8*J8/100 | L8: ='Referensi Bahan Baku'!H6 | M8: =C8*L8/100 | N8: ='Referensi Bahan Baku'!I6 | O8: =C8*N8/100 | P8: ='Referensi Bahan Baku'!J6 | Q8: =C8*P8/100 | R8: ='Referensi Bahan Baku'!K6 | S8: =IF(ISNUMBER(R8),C8*R8/100,0) | T8: ='Referensi Bahan Baku'!L6 | U8: =C8*T8/100 | V8: ='Referensi Bahan Baku'!M6 | W8: =C8*V8/100 | X8: ='Referensi Bahan Baku'!C6 | Y8: =C8*X8/100 | Z8: =C8/100*$AC$2
A9: 4 | B9: CGF (Corn Gluten Feed) | C9: 8 | D9: ='Referensi Bahan Baku'!D7 | E9: =C9*D9/100 | F9: ='Referensi Bahan Baku'!E7 | G9: =C9*F9/100 | H9: ='Referensi Bahan Baku'!F7 | I9: =C9*H9/100 | J9: ='Referensi Bahan Baku'!G7 | K9: =C9*J9/100 | L9: ='Referensi Bahan Baku'!H7 | M9: =C9*L9/100 | N9: ='Referensi Bahan Baku'!I7 | O9: =C9*N9/100 | P9: ='Referensi Bahan Baku'!J7 | Q9: =C9*P9/100 | R9: ='Referensi Bahan Baku'!K7 | S9: =IF(ISNUMBER(R9),C9*R9/100,0) | T9: ='Referensi Bahan Baku'!L7 | U9: =C9*T9/100 | V9: ='Referensi Bahan Baku'!M7 | W9: =C9*V9/100 | X9: ='Referensi Bahan Baku'!C7 | Y9: =C9*X9/100 | Z9: =C9/100*$AC$2
A10: 5 | B10: SBM (Bungkil Kedelai) | C10: 12 | D10: ='Referensi Bahan Baku'!D8 | E10: =C10*D10/100 | F10: ='Referensi Bahan Baku'!E8 | G10: =C10*F10/100 | H10: ='Referensi Bahan Baku'!F8 | I10: =C10*H10/100 | J10: ='Referensi Bahan Baku'!G8 | K10: =C10*J10/100 | L10: ='Referensi Bahan Baku'!H8 | M10: =C10*L10/100 | N10: ='Referensi Bahan Baku'!I8 | O10: =C10*N10/100 | P10: ='Referensi Bahan Baku'!J8 | Q10: =C10*P10/100 | R10: ='Referensi Bahan Baku'!K8 | S10: =IF(ISNUMBER(R10),C10*R10/100,0) | T10: ='Referensi Bahan Baku'!L8 | U10: =C10*T10/100 | V10: ='Referensi Bahan Baku'!M8 | W10: =C10*V10/100 | X10: ='Referensi Bahan Baku'!C8 | Y10: =C10*X10/100 | Z10: =C10/100*$AC$2
A11: 6 | B11: CGM (Corn Gluten Meal) | C11: 2 | D11: ='Referensi Bahan Baku'!D9 | E11: =C11*D11/100 | F11: ='Referensi Bahan Baku'!E9 | G11: =C11*F11/100 | H11: ='Referensi Bahan Baku'!F9 | I11: =C11*H11/100 | J11: ='Referensi Bahan Baku'!G9 | K11: =C11*J11/100 | L11: ='Referensi Bahan Baku'!H9 | M11: =C11*L11/100 | N11: ='Referensi Bahan Baku'!I9 | O11: =C11*N11/100 | P11: ='Referensi Bahan Baku'!J9 | Q11: =C11*P11/100 | R11: ='Referensi Bahan Baku'!K9 | S11: =IF(ISNUMBER(R11),C11*R11/100,0) | T11: ='Referensi Bahan Baku'!L9 | U11: =C11*T11/100 | V11: ='Referensi Bahan Baku'!M9 | W11: =C11*V11/100 | X11: ='Referensi Bahan Baku'!C9 | Y11: =C11*X11/100 | Z11: =C11/100*$AC$2
A12: 7 | B12: MBM (Meat Bone Meal) | C12: 5 | D12: ='Referensi Bahan Baku'!D10 | E12: =C12*D12/100 | F12: ='Referensi Bahan Baku'!E10 | G12: =C12*F12/100 | H12: ='Referensi Bahan Baku'!F10 | I12: =C12*H12/100 | J12: ='Referensi Bahan Baku'!G10 | K12: =C12*J12/100 | L12: ='Referensi Bahan Baku'!H10 | M12: =C12*L12/100 | N12: ='Referensi Bahan Baku'!I10 | O12: =C12*N12/100 | P12: ='Referensi Bahan Baku'!J10 | Q12: =C12*P12/100 | R12: ='Referensi Bahan Baku'!K10 | S12: =IF(ISNUMBER(R12),C12*R12/100,0) | T12: ='Referensi Bahan Baku'!L10 | U12: =C12*T12/100 | V12: ='Referensi Bahan Baku'!M10 | W12: =C12*V12/100 | X12: ='Referensi Bahan Baku'!C10 | Y12: =C12*X12/100 | Z12: =C12/100*$AC$2
A13: 8 | B13: Mineral (Ca-P supp.) | C13: 1 | D13: ='Referensi Bahan Baku'!D11 | E13: =C13*D13/100 | F13: ='Referensi Bahan Baku'!E11 | G13: =C13*F13/100 | H13: ='Referensi Bahan Baku'!F11 | I13: =C13*H13/100 | J13: ='Referensi Bahan Baku'!G11 | K13: =C13*J13/100 | L13: ='Referensi Bahan Baku'!H11 | M13: =C13*L13/100 | N13: ='Referensi Bahan Baku'!I11 | O13: =C13*N13/100 | P13: ='Referensi Bahan Baku'!J11 | Q13: =C13*P13/100 | R13: ='Referensi Bahan Baku'!K11 | S13: =IF(ISNUMBER(R13),C13*R13/100,0) | T13: ='Referensi Bahan Baku'!L11 | U13: =C13*T13/100 | V13: ='Referensi Bahan Baku'!M11 | W13: =C13*V13/100 | X13: ='Referensi Bahan Baku'!C11 | Y13: =C13*X13/100 | Z13: =C13/100*$AC$2
A14: 9 | B14: Top Mix (Premix) | C14: 0.3 | D14: ='Referensi Bahan Baku'!D12 | E14: =C14*D14/100 | F14: ='Referensi Bahan Baku'!E12 | G14: =C14*F14/100 | H14: ='Referensi Bahan Baku'!F12 | I14: =C14*H14/100 | J14: ='Referensi Bahan Baku'!G12 | K14: =C14*J14/100 | L14: ='Referensi Bahan Baku'!H12 | M14: =C14*L14/100 | N14: ='Referensi Bahan Baku'!I12 | O14: =C14*N14/100 | P14: ='Referensi Bahan Baku'!J12 | Q14: =C14*P14/100 | R14: ='Referensi Bahan Baku'!K12 | S14: =IF(ISNUMBER(R14),C14*R14/100,0) | T14: ='Referensi Bahan Baku'!L12 | U14: =C14*T14/100 | V14: ='Referensi Bahan Baku'!M12 | W14: =C14*V14/100 | X14: ='Referensi Bahan Baku'!C12 | Y14: =C14*X14/100 | Z14: =C14/100*$AC$2
A15: 10 | B15: L-Lisin HCl | C15: 0.1 | D15: ='Referensi Bahan Baku'!D13 | E15: =C15*D15/100 | F15: ='Referensi Bahan Baku'!E13 | G15: =C15*F15/100 | H15: ='Referensi Bahan Baku'!F13 | I15: =C15*H15/100 | J15: ='Referensi Bahan Baku'!G13 | K15: =C15*J15/100 | L15: ='Referensi Bahan Baku'!H13 | M15: =C15*L15/100 | N15: ='Referensi Bahan Baku'!I13 | O15: =C15*N15/100 | P15: ='Referensi Bahan Baku'!J13 | Q15: =C15*P15/100 | R15: ='Referensi Bahan Baku'!K13 | S15: =IF(ISNUMBER(R15),C15*R15/100,0) | T15: ='Referensi Bahan Baku'!L13 | U15: =C15*T15/100 | V15: ='Referensi Bahan Baku'!M13 | W15: =C15*V15/100 | X15: ='Referensi Bahan Baku'!C13 | Y15: =C15*X15/100 | Z15: =C15/100*$AC$2
A16: 11 | B16: Propionic Acid | C16: 0.1 | D16: ='Referensi Bahan Baku'!D14 | E16: =C16*D16/100 | F16: ='Referensi Bahan Baku'!E14 | G16: =C16*F16/100 | H16: ='Referensi Bahan Baku'!F14 | I16: =C16*H16/100 | J16: ='Referensi Bahan Baku'!G14 | K16: =C16*J16/100 | L16: ='Referensi Bahan Baku'!H14 | M16: =C16*L16/100 | N16: ='Referensi Bahan Baku'!I14 | O16: =C16*N16/100 | P16: ='Referensi Bahan Baku'!J14 | Q16: =C16*P16/100 | R16: ='Referensi Bahan Baku'!K14 | S16: =IF(ISNUMBER(R16),C16*R16/100,0) | T16: ='Referensi Bahan Baku'!L14 | U16: =C16*T16/100 | V16: ='Referensi Bahan Baku'!M14 | W16: =C16*V16/100 | X16: ='Referensi Bahan Baku'!C14 | Y16: =C16*X16/100 | Z16: =C16/100*$AC$2
A17: 12 | B17: Choline Chloride 60% | C17: 0.1 | D17: ='Referensi Bahan Baku'!D15 | E17: =C17*D17/100 | F17: ='Referensi Bahan Baku'!E15 | G17: =C17*F17/100 | H17: ='Referensi Bahan Baku'!F15 | I17: =C17*H17/100 | J17: ='Referensi Bahan Baku'!G15 | K17: =C17*J17/100 | L17: ='Referensi Bahan Baku'!H15 | M17: =C17*L17/100 | N17: ='Referensi Bahan Baku'!I15 | O17: =C17*N17/100 | P17: ='Referensi Bahan Baku'!J15 | Q17: =C17*P17/100 | R17: ='Referensi Bahan Baku'!K15 | S17: =IF(ISNUMBER(R17),C17*R17/100,0) | T17: ='Referensi Bahan Baku'!L15 | U17: =C17*T17/100 | V17: ='Referensi Bahan Baku'!M15 | W17: =C17*V17/100 | X17: ='Referensi Bahan Baku'!C15 | Y17: =C17*X17/100 | Z17: =C17/100*$AC$2
A18: TOTAL | C18: =SUM(C6:C17) | D18: — | E18: =SUM(E6:E17) | F18: — | G18: =SUM(G6:G17) | H18: — | I18: =SUM(I6:I17) | J18: — | K18: =SUM(K6:K17) | L18: — | M18: =SUM(M6:M17) | N18: — | O18: =SUM(O6:O17) | P18: — | Q18: =SUM(Q6:Q17) | R18: — | S18: =SUM(S6:S17) | T18: — | U18: =SUM(U6:U17) | V18: — | W18: =SUM(W6:W17) | X18: Harga Pokok → | Y18: =SUM(Y6:Y17) | Z18: =SUM(Z6:Z17)
A20: BATAS & TARGET NUTRISI — AYAM BURAS GROWER
A21: Label | B21: Keterangan | C21: Total Proporsi (%) | E21: Protein Kasar (%) | G21: Lemak Kasar (%) | I21: Serat Kasar (%) | K21: Abu (%) | M21: Ca (%) | O21: Fosfor tsd (%) | Q21: Kadar Air (%) | S21: ME (kcal/kg) | U21: Lisin (%) | W21: Metionin (%) | Y21: Harga Pokok (Rp/kg)
A22: AKTUAL | B22: (dari formula atas) | C22: =C18 | E22: =G18 | G22: =I18 | I22: =K18 | K22: =M18 | M22: =O18 | O22: =Q18 | Q22: =E18 | S22: =S18 | U22: =U18 | W22: =W18 | Y22: =Y18
A23: TARGET MIN | B23: SNI / NRC → | C23: 100 | E23: 16 | G23: 3 | M23: 0.7 | O23: 0.35 | S23: 2700 | U23: 0.7 | W23: 0.3
A24: TARGET MAX | B24: SNI / NRC → | C24: 100 | E24: 18 | I24: 8 | K24: 8 | M24: 1 | Q24: 14 | S24: 2900
A25: STATUS | B25: Cek otomatis | C25: =IF(AND(C22>=C23,C22<=C24),"✅ OK","⚠️ KURANG") | E25: =IF(AND(E22>=E23,E22<=E24),"✅ OK","⚠️ KURANG") | G25: =IF(G22>=G23,"✅ OK","⚠️ KURANG") | I25: =IF(I22<=I24,"✅ OK","⚠️ KURANG") | K25: =IF(K22<=K24,"✅ OK","⚠️ KURANG") | M25: =IF(AND(M22>=M23,M22<=M24),"✅ OK","⚠️ KURANG") | O25: =IF(O22>=O23,"✅ OK","⚠️ KURANG") | Q25: =IF(Q22<=Q24,"✅ OK","⚠️ KURANG") | S25: =IF(AND(S22>=S23,S22<=S24),"✅ OK","⚠️ KURANG") | U25: =IF(U22>=U23,"✅ OK","⚠️ KURANG") | W25: =IF(W22>=W23,"✅ OK","⚠️ KURANG")
A27: 💡 CARA PAKAI: Ubah angka di Kolom C (Proporsi %) hingga Total = 100% dan semua STATUS = ✅ OK. Isi Total Batch (kg) di AC2 → Kolom Z = kebutuhan kg per batch. Edit Harga/nilai nutrisi di sheet 'Referensi Bahan Baku'.
A28: ⚡ ORANGE = kamu isi | HIJAU = otomatis terhitung | ✅ = memenuhi standar | ⚠️ = perlu penyesuaian | Propionic Acid & Choline Chloride tidak berkontribusi nutrisi makro

Sheet Ringkasan Formula
A1: RINGKASAN FORMULA PAKAN AYAM BURAS — PPBIB
A2: Formula Grower | Total Batch: 100 kg | Instruktur: Aditiya Nugraha — PPBIB
A4: A. KOMPOSISI BAHAN BAKU
A5: No | B5: Nama Bahan | C5: Kategori | D5: Proporsi (%) | E5: Jumlah (kg/100 kg batch) | F5: Harga/kg (Rp) | G5: Biaya (Rp) | H5: % Biaya
A6: 1 | B6: Jagung | C6: Energi | D6: 57.4 | E6: 57.4 | F6: 6000 | G6: 3444 | H6: 54
A7: 2 | B7: Gaplek | C7: Energi | D7: 4 | E7: 4 | F7: 3500 | G7: 140 | H7: 2.2
A8: 3 | B8: Polar (Wheat Pollard) | C8: Protein/Energi | D8: 10 | E8: 10 | F8: 4050 | G8: 405 | H8: 6.3
A9: 4 | B9: CGF (Corn Gluten Feed) | C9: Protein Nabati | D9: 8 | E9: 8 | F9: 5000 | G9: 400 | H9: 6.3
A10: 5 | B10: SBM (Bungkil Kedelai) | C10: Protein Nabati | D10: 12 | E10: 12 | F10: 8500 | G10: 1020 | H10: 16
A11: 6 | B11: CGM (Corn Gluten Meal) | C11: Protein Nabati | D11: 2 | E11: 2 | F11: 10000 | G11: 200 | H11: 3.1
A12: 7 | B12: MBM (Meat Bone Meal) | C12: Protein Hewani | D12: 5 | E12: 5 | F12: 10000 | G12: 500 | H12: 7.8
A13: 8 | B13: Mineral (Ca-P supp.) | C13: Mineral | D13: 1 | E13: 1 | F13: 8000 | G13: 80 | H13: 1.3
A14: 9 | B14: Top Mix (Premix) | C14: Vitamin-Mineral | D14: 0.3 | E14: 0.3 | F14: 25000 | G14: 75 | H14: 1.2
A15: 10 | B15: L-Lisin HCl | C15: Asam Amino | D15: 0.1 | E15: 0.1 | F15: 50000 | G15: 50 | H15: 0.8
A16: 11 | B16: Propionic Acid | C16: Aditif (pengawet) | D16: 0.1 | E16: 0.1 | F16: 15000 | G16: 15 | H16: 0.2
A17: 12 | B17: Choline Chloride 60% | C17: Aditif | D17: 0.1 | E17: 0.1 | F17: 50000 | G17: 50 | H17: 0.8
A18: TOTAL | D18: =SUM(D6:D17) | E18: =SUM(E6:E17) | G18: =SUM(G6:G17) | H18: 100.0
A21: B. NILAI NUTRISI TERHITUNG
A22: Parameter | B22: Nilai Aktual | C22: Satuan | D22: Standar Min/Max (Buras Grower) | E22: Status
A23: Kadar Air (%) | B23: 11.97 | C23: % | D23: maks 14 % | E23: ✅ OK
A24: Protein Kasar (%) | B24: 17.4911 | C24: % | D24: 16–18 % | E24: ✅ OK
A25: Lemak Kasar (%) | B25: 3.4376 | C25: % | D25: 3–6 % | E25: ✅ OK
A26: Serat Kasar (%) | B26: 3.6477 | C26: % | D26: maks 8 % | E26: ✅ OK
A27: Abu (%) | B27: 4.3811 | C27: % | D27: maks 8 % | E27: ✅ OK
A28: Kalsium / Ca (%) | B28: 0.7798 | C28: % | D28: 0.70–1.00 % | E28: ✅ OK
A29: Fosfor tersedia (%) | B29: 0.5395 | C29: % | D29: 0.35–0.50 % | E29: ✅ OK
A30: ME (kcal/kg) | B30: 2793.94 | C30: kcal/kg | D30: 2700–2900 | E30: ✅ OK
A31: Lisin (%) | B31: 0.8409 | C31: % | D31: 0.70–0.90 % | E31: ✅ OK
A32: Metionin (%) | B32: 0.3048 | C32: % | D32: 0.30–0.40 % | E32: ✅ OK
A35: C. ESTIMASI HARGA POKOK
A36: Harga Pokok / kg pakan | B36: 6379
