Workbook

Sheet Referensi Bahan Baku
A1: REFERENSI NILAI NUTRISI BAHAN BAKU PAKAN AYAM — PPBIB
A2: Sumber data: referensi nutrisi unggas (NRC/EVONIK/BSLA). Sesuaikan harga sesuai kondisi pasar lokal. ME = Energi Metabolis untuk Unggas (Broiler).
A3: No | B3: Nama Bahan | C3: Harga/kg (Rp) | D3: Kadar Air (%) | E3: Protein Kasar (%) | F3: Lemak Kasar (%) | G3: Serat Kasar (%) | H3: Abu (%) | I3: Kalsium/Ca (%) | J3: Fosfor tersedia (%) | K3: ME (kcal/kg) | L3: Lisin (%) | M3: Metionin (%) | N3: Harga Protein (Rp/% prot) | O3: Kategori | P3: Catatan
A4: 1 | B4: Jagung | C4: 6000 | D4: 13 | E4: 8 | F4: 3.8 | G4: 2.2 | H4: 1.76 | I4: 0.03 | J4: 0.08 | K4: 3300 | L4: 0.25 | M4: 0.18 | N4: =C4/E4 | O4: Energi / Karbo
A5: 2 | B5: Dedak halus | C5: 4500 | D5: 10 | E5: 9.88 | F5: 3.17 | G5: 8 | H5: 14.22 | I5: 0.07 | J5: 0.18 | K5: 2011 | L5: 0.52 | M5: 0.22 | N5: =C5/E5 | O5: Energi / Karbo
A6: 3 | B6: Pollard | C6: 4050 | D6: 13 | E6: 12.68 | F6: 4 | G6: 15 | H6: 4 | I6: 0.12 | J6: 0.28 | K6: 1430 | L6: 0.52 | M6: 0.22 | N6: =C6/E6 | O6: Energi / Karbo
A7: 4 | B7: Tapioka | C7: 11000 | D7: 13 | E7: 2.5 | F7: 0.7 | G7: 4.6 | H7: 2.5 | I7: 0.1 | J7: 0.05 | K7: 3020 | L7: 0.05 | M7: 0.02 | N7: =C7/E7 | O7: Binder
A8: 5 | B8: Bungkil kedelai | C8: 8500 | D8: 11 | E8: 45.53 | F8: 1.76 | G8: 5.89 | H8: 6.24 | I8: 0.3 | J8: 0.22 | K8: 2240 | L8: 2.92 | M8: 0.64 | N8: =C8/E8 | O8: Protein Nabati
A9: 6 | B9: Corn gluten meal | C9: 10000 | D9: 10 | E9: 64 | F9: 2.91 | G9: 0.8 | H9: 2.68 | I9: 0.03 | J9: 0.08 | K9: 3450 | L9: 1 | M9: 1.72 | N9: =C9/E9 | O9: Protein Nabati | P9: CGM
A10: 7 | B10: Corn gluten feed | C10: 5000 | D10: 10 | E10: 24.39 | F10: 2.2 | G10: 7.27 | H10: 6.4 | I10: 0.15 | J10: 0.3 | K10: 1890 | L10: 0.65 | M10: 0.4 | N10: =C10/E10 | O10: Protein Nabati
A11: 8 | B11: DDGS | C11: 7900 | D11: 12 | E11: 30.23 | F11: 5.48 | G11: 8.46 | H11: 4.87 | I11: 0.18 | J11: 0.55 | K11: 2855 | L11: 0.75 | M11: 0.56 | N11: =C11/E11 | O11: Protein Nabati
A12: 9 | B12: Bungkil sawit | C12: 3000 | D12: 9 | E12: 16.7 | F12: 9.2 | G12: 19.8 | H12: 4.7 | I12: 0.35 | J12: 0.18 | K12: 1650 | L12: 0.65 | M12: 0.35 | N12: =C12/E12 | O12: Protein Nabati
A13: 10 | B13: Bungkil kelapa | C13: 4500 | D13: 13 | E13: 18 | F13: 6 | G13: 17.33 | H13: 6.65 | I13: 0.2 | J13: 0.2 | K13: 1700 | L13: 0.56 | M13: 0.32 | N13: =C13/E13 | O13: Protein Nabati
A14: 11 | B14: Tepung ikan impor | C14: 15000 | D14: 8 | E14: 55 | F14: 7.52 | G14: 0.7 | H14: 26 | I14: 4.5 | J14: 2.55 | K14: 3050 | L14: 4.2 | M14: 1.6 | N14: =C14/E14 | O14: Protein Hewani
A15: 12 | B15: Tepung ikan lokal | C15: 9000 | D15: 6 | E15: 44.2 | F15: 6.97 | G15: 2.7 | H15: 42.26 | I15: 5.5 | J15: 2.1 | K15: 2650 | L15: 3.2 | M15: 1.25 | N15: =C15/E15 | O15: Protein Hewani
A16: 13 | B16: Meat bone meal | C16: 10000 | D16: 6 | E16: 52.57 | F16: 8.82 | G16: 2.41 | H16: 29.53 | I16: 9.5 | J16: 4.5 | K16: 2375 | L16: 2.8 | M16: 0.65 | N16: =C16/E16 | O16: Protein Hewani | P16: MBM
A17: 14 | B17: CPO / Minyak sawit | C17: 20000 | D17: 1 | E17: 0 | F17: 99 | G17: 0 | H17: 0.5 | I17: 0 | J17: 0 | K17: 7500 | L17: 0 | M17: 0 | O17: Lemak / Minyak
A18: 15 | B18: Kapur (limestone) | C18: 1200 | D18: 1 | E18: 0 | F18: 0 | G18: 0 | H18: 0 | I18: 38.5 | J18: 0 | L18: 0 | M18: 0 | O18: Mineral | P18: Sumber Ca
A19: 16 | B19: DCP | C19: 8000 | D19: 2 | E19: 0 | F19: 0 | G19: 0 | H19: 0 | I19: 22 | J19: 18 | L19: 0 | M19: 0 | O19: Mineral | P19: Dicalcium Phosphate
A20: 17 | B20: Garam (NaCl) | C20: 3000 | D20: 1 | E20: 0 | F20: 0 | G20: 0 | H20: 99 | I20: 0 | J20: 0 | L20: 0 | M20: 0 | O20: Mineral
A21: 18 | B21: Kolin Klorida 60% | C21: 50000 | D21: 2 | E21: 0 | F21: 0 | G21: 0 | H21: 0 | I21: 0 | J21: 0 | L21: 0 | M21: 0 | O21: Aditif | P21: CC-60
A22: 19 | B22: Premix vit-mineral | C22: 25000 | D22: 1 | E22: 0 | F22: 0 | G22: 0 | H22: 0 | I22: 0 | J22: 0 | L22: 0 | M22: 0 | O22: Vitamin-Mineral
A23: 20 | B23: Konsentrat | C23: 2600 | D23: 9 | E23: 16.7 | F23: 9.2 | G23: 19.8 | H23: 4.7 | I23: 0.35 | J23: 0.18 | K23: 2650 | L23: 0.65 | M23: 0.35 | N23: =C23/E23 | O23: Protein Campuran
A24: 21 | B24: L-Lysin HCl | C24: 50000 | D24: 2 | E24: 95.8 | F24: 0 | G24: 0 | H24: 0 | I24: 0 | J24: 0 | K24: 3990 | L24: 78 | M24: 0 | N24: =C24/E24 | O24: Asam Amino
A25: 22 | B25: DL-Methionine | C25: 90000 | D25: 2 | E25: 58 | F25: 0 | G25: 0 | H25: 0 | I25: 0 | J25: 0 | K25: 5020 | L25: 0 | M25: 99 | N25: =C25/E25 | O25: Asam Amino
A26: 23 | B26: Threonine | C26: 90000 | D26: 2 | E26: 72.6 | F26: 0 | G26: 0 | H26: 0 | I26: 0 | J26: 0 | K26: 3764 | L26: 0 | M26: 0 | N26: =C26/E26 | O26: Asam Amino
A27: 24 | B27: Triptofan | C27: 150000 | D27: 2 | E27: 85 | F27: 0 | G27: 0 | H27: 0 | I27: 0 | J27: 0 | K27: 3900 | L27: 0 | M27: 0 | N27: =C27/E27 | O27: Asam Amino
A28: 25 | B28: Toxin binder | C28: 12000 | D28: 10 | E28: 0 | F28: 2 | G28: 0 | H28: 70 | I28: 0 | J28: 0 | L28: 0 | M28: 0 | O28: Aditif
A29: 26 | B29: Enzim Fitase | C29: 150000 | D29: 1 | E29: 7 | F29: 0 | G29: 1 | H29: 5 | I29: 0 | J29: 0 | L29: 0 | M29: 0 | N29: =C29/E29 | O29: Aditif | P29: Meningkatkan P tersedia
A30: 27 | B30: Enzim NSP | C30: 85000 | D30: 1 | E30: 7 | F30: 0 | G30: 1 | H30: 5 | I30: 0 | J30: 0 | L30: 0 | M30: 0 | N30: =C30/E30 | O30: Aditif | P30: Xylanase / Glucanase
A33: LEGENDA KATEGORI
A34: Energi / Karbo | E34: Protein Nabati | I34: Protein Hewani | M34: Lemak / Minyak
A35: Mineral | E35: Asam Amino | I35: Vitamin-Mineral | M35: Aditif
A37: ⬆ Kolom ORANGE (Harga/kg) = kamu yang isi sesuai harga pasar lokal. Kolom lain = nilai nutrisi referensi (edit jika ada data lab sendiri).

Sheet Formula Builder
A1: PPBIB — TEMPLATE FORMULASI PAKAN AYAM (UNGGAS)
A2: Pusat Pelatihan Budidaya Unggas | Instruktur: Aditiya Nugraha | Standar nutrisi: Broiler Starter (SNI 01-3931) | AB2: ⬇ Total Batch (kg) | AC2: 100
A3: No | B3: Nama Bahan | C3: Proporsi (%) | D3: Kadar Air (%) | E3: Kontrib Air | F3: Protein (%) | G3: Kontrib Protein | H3: Lemak (%) | I3: Kontrib Lemak | J3: Serat Kasar (%) | K3: Kontrib SK | L3: Abu (%) | M3: Kontrib Abu | N3: Ca (%) | O3: Kontrib Ca | P3: Fosfor tsd (%) | Q3: Kontrib P | R3: ME (kcal/kg) | S3: Kontrib ME | T3: Lisin (%) | U3: Kontrib Lisin | V3: Metionin (%) | W3: Kontrib Met | X3: Harga/kg (Rp) | Y3: Biaya/kg Pakan | Z3: Proporsi (kg)
A4: Nomor urutan | B4: Daftar bahan baku | C4: ← Ini yang kamu ubah | D4: Auto-link Ref | E4: =C×D÷100 | F4: Auto-link Ref | G4: =C×F÷100 | H4: Auto-link Ref | I4: =C×H÷100 | J4: Auto-link Ref | K4: =C×J÷100 | L4: Auto-link Ref | M4: =C×L÷100 | N4: Auto-link Ref | O4: =C×N÷100 | P4: Auto-link Ref | Q4: =C×P÷100 | R4: Auto-link Ref | S4: =C×R÷100 | T4: Auto-link Ref | U4: =C×T÷100 | V4: Auto-link Ref | W4: =C×V÷100 | X4: Auto-link Ref | Y4: =C×X÷100 | Z4: ← Isi batch di AC2
A6: 1 | B6: Jagung | C6: 59 | D6: ='Referensi Bahan Baku'!D4 | E6: =C6*D6/100 | F6: ='Referensi Bahan Baku'!E4 | G6: =C6*F6/100 | H6: ='Referensi Bahan Baku'!F4 | I6: =C6*H6/100 | J6: ='Referensi Bahan Baku'!G4 | K6: =C6*J6/100 | L6: ='Referensi Bahan Baku'!H4 | M6: =C6*L6/100 | N6: ='Referensi Bahan Baku'!I4 | O6: =C6*N6/100 | P6: ='Referensi Bahan Baku'!J4 | Q6: =C6*P6/100 | R6: ='Referensi Bahan Baku'!K4 | S6: =IF(ISNUMBER(R6),C6*R6/100,0) | T6: ='Referensi Bahan Baku'!L4 | U6: =C6*T6/100 | V6: ='Referensi Bahan Baku'!M4 | W6: =C6*V6/100 | X6: ='Referensi Bahan Baku'!C4 | Y6: =C6*X6/100 | Z6: =C6/100*$AC$2
A7: 2 | B7: Dedak halus | C7: 8 | D7: ='Referensi Bahan Baku'!D5 | E7: =C7*D7/100 | F7: ='Referensi Bahan Baku'!E5 | G7: =C7*F7/100 | H7: ='Referensi Bahan Baku'!F5 | I7: =C7*H7/100 | J7: ='Referensi Bahan Baku'!G5 | K7: =C7*J7/100 | L7: ='Referensi Bahan Baku'!H5 | M7: =C7*L7/100 | N7: ='Referensi Bahan Baku'!I5 | O7: =C7*N7/100 | P7: ='Referensi Bahan Baku'!J5 | Q7: =C7*P7/100 | R7: ='Referensi Bahan Baku'!K5 | S7: =IF(ISNUMBER(R7),C7*R7/100,0) | T7: ='Referensi Bahan Baku'!L5 | U7: =C7*T7/100 | V7: ='Referensi Bahan Baku'!M5 | W7: =C7*V7/100 | X7: ='Referensi Bahan Baku'!C5 | Y7: =C7*X7/100 | Z7: =C7/100*$AC$2
A8: 3 | B8: Pollard | D8: ='Referensi Bahan Baku'!D6 | E8: =C8*D8/100 | F8: ='Referensi Bahan Baku'!E6 | G8: =C8*F8/100 | H8: ='Referensi Bahan Baku'!F6 | I8: =C8*H8/100 | J8: ='Referensi Bahan Baku'!G6 | K8: =C8*J8/100 | L8: ='Referensi Bahan Baku'!H6 | M8: =C8*L8/100 | N8: ='Referensi Bahan Baku'!I6 | O8: =C8*N8/100 | P8: ='Referensi Bahan Baku'!J6 | Q8: =C8*P8/100 | R8: ='Referensi Bahan Baku'!K6 | S8: =IF(ISNUMBER(R8),C8*R8/100,0) | T8: ='Referensi Bahan Baku'!L6 | U8: =C8*T8/100 | V8: ='Referensi Bahan Baku'!M6 | W8: =C8*V8/100 | X8: ='Referensi Bahan Baku'!C6 | Y8: =C8*X8/100 | Z8: =C8/100*$AC$2
A9: 4 | B9: Tapioka | D9: ='Referensi Bahan Baku'!D7 | E9: =C9*D9/100 | F9: ='Referensi Bahan Baku'!E7 | G9: =C9*F9/100 | H9: ='Referensi Bahan Baku'!F7 | I9: =C9*H9/100 | J9: ='Referensi Bahan Baku'!G7 | K9: =C9*J9/100 | L9: ='Referensi Bahan Baku'!H7 | M9: =C9*L9/100 | N9: ='Referensi Bahan Baku'!I7 | O9: =C9*N9/100 | P9: ='Referensi Bahan Baku'!J7 | Q9: =C9*P9/100 | R9: ='Referensi Bahan Baku'!K7 | S9: =IF(ISNUMBER(R9),C9*R9/100,0) | T9: ='Referensi Bahan Baku'!L7 | U9: =C9*T9/100 | V9: ='Referensi Bahan Baku'!M7 | W9: =C9*V9/100 | X9: ='Referensi Bahan Baku'!C7 | Y9: =C9*X9/100 | Z9: =C9/100*$AC$2
A10: 5 | B10: Bungkil kedelai | C10: 20 | D10: ='Referensi Bahan Baku'!D8 | E10: =C10*D10/100 | F10: ='Referensi Bahan Baku'!E8 | G10: =C10*F10/100 | H10: ='Referensi Bahan Baku'!F8 | I10: =C10*H10/100 | J10: ='Referensi Bahan Baku'!G8 | K10: =C10*J10/100 | L10: ='Referensi Bahan Baku'!H8 | M10: =C10*L10/100 | N10: ='Referensi Bahan Baku'!I8 | O10: =C10*N10/100 | P10: ='Referensi Bahan Baku'!J8 | Q10: =C10*P10/100 | R10: ='Referensi Bahan Baku'!K8 | S10: =IF(ISNUMBER(R10),C10*R10/100,0) | T10: ='Referensi Bahan Baku'!L8 | U10: =C10*T10/100 | V10: ='Referensi Bahan Baku'!M8 | W10: =C10*V10/100 | X10: ='Referensi Bahan Baku'!C8 | Y10: =C10*X10/100 | Z10: =C10/100*$AC$2
A11: 6 | B11: Corn gluten meal | C11: 3 | D11: ='Referensi Bahan Baku'!D9 | E11: =C11*D11/100 | F11: ='Referensi Bahan Baku'!E9 | G11: =C11*F11/100 | H11: ='Referensi Bahan Baku'!F9 | I11: =C11*H11/100 | J11: ='Referensi Bahan Baku'!G9 | K11: =C11*J11/100 | L11: ='Referensi Bahan Baku'!H9 | M11: =C11*L11/100 | N11: ='Referensi Bahan Baku'!I9 | O11: =C11*N11/100 | P11: ='Referensi Bahan Baku'!J9 | Q11: =C11*P11/100 | R11: ='Referensi Bahan Baku'!K9 | S11: =IF(ISNUMBER(R11),C11*R11/100,0) | T11: ='Referensi Bahan Baku'!L9 | U11: =C11*T11/100 | V11: ='Referensi Bahan Baku'!M9 | W11: =C11*V11/100 | X11: ='Referensi Bahan Baku'!C9 | Y11: =C11*X11/100 | Z11: =C11/100*$AC$2
A12: 7 | B12: Corn gluten feed | D12: ='Referensi Bahan Baku'!D10 | E12: =C12*D12/100 | F12: ='Referensi Bahan Baku'!E10 | G12: =C12*F12/100 | H12: ='Referensi Bahan Baku'!F10 | I12: =C12*H12/100 | J12: ='Referensi Bahan Baku'!G10 | K12: =C12*J12/100 | L12: ='Referensi Bahan Baku'!H10 | M12: =C12*L12/100 | N12: ='Referensi Bahan Baku'!I10 | O12: =C12*N12/100 | P12: ='Referensi Bahan Baku'!J10 | Q12: =C12*P12/100 | R12: ='Referensi Bahan Baku'!K10 | S12: =IF(ISNUMBER(R12),C12*R12/100,0) | T12: ='Referensi Bahan Baku'!L10 | U12: =C12*T12/100 | V12: ='Referensi Bahan Baku'!M10 | W12: =C12*V12/100 | X12: ='Referensi Bahan Baku'!C10 | Y12: =C12*X12/100 | Z12: =C12/100*$AC$2
A13: 8 | B13: DDGS | D13: ='Referensi Bahan Baku'!D11 | E13: =C13*D13/100 | F13: ='Referensi Bahan Baku'!E11 | G13: =C13*F13/100 | H13: ='Referensi Bahan Baku'!F11 | I13: =C13*H13/100 | J13: ='Referensi Bahan Baku'!G11 | K13: =C13*J13/100 | L13: ='Referensi Bahan Baku'!H11 | M13: =C13*L13/100 | N13: ='Referensi Bahan Baku'!I11 | O13: =C13*N13/100 | P13: ='Referensi Bahan Baku'!J11 | Q13: =C13*P13/100 | R13: ='Referensi Bahan Baku'!K11 | S13: =IF(ISNUMBER(R13),C13*R13/100,0) | T13: ='Referensi Bahan Baku'!L11 | U13: =C13*T13/100 | V13: ='Referensi Bahan Baku'!M11 | W13: =C13*V13/100 | X13: ='Referensi Bahan Baku'!C11 | Y13: =C13*X13/100 | Z13: =C13/100*$AC$2
A14: 9 | B14: Bungkil sawit | D14: ='Referensi Bahan Baku'!D12 | E14: =C14*D14/100 | F14: ='Referensi Bahan Baku'!E12 | G14: =C14*F14/100 | H14: ='Referensi Bahan Baku'!F12 | I14: =C14*H14/100 | J14: ='Referensi Bahan Baku'!G12 | K14: =C14*J14/100 | L14: ='Referensi Bahan Baku'!H12 | M14: =C14*L14/100 | N14: ='Referensi Bahan Baku'!I12 | O14: =C14*N14/100 | P14: ='Referensi Bahan Baku'!J12 | Q14: =C14*P14/100 | R14: ='Referensi Bahan Baku'!K12 | S14: =IF(ISNUMBER(R14),C14*R14/100,0) | T14: ='Referensi Bahan Baku'!L12 | U14: =C14*T14/100 | V14: ='Referensi Bahan Baku'!M12 | W14: =C14*V14/100 | X14: ='Referensi Bahan Baku'!C12 | Y14: =C14*X14/100 | Z14: =C14/100*$AC$2
A15: 10 | B15: Bungkil kelapa | D15: ='Referensi Bahan Baku'!D13 | E15: =C15*D15/100 | F15: ='Referensi Bahan Baku'!E13 | G15: =C15*F15/100 | H15: ='Referensi Bahan Baku'!F13 | I15: =C15*H15/100 | J15: ='Referensi Bahan Baku'!G13 | K15: =C15*J15/100 | L15: ='Referensi Bahan Baku'!H13 | M15: =C15*L15/100 | N15: ='Referensi Bahan Baku'!I13 | O15: =C15*N15/100 | P15: ='Referensi Bahan Baku'!J13 | Q15: =C15*P15/100 | R15: ='Referensi Bahan Baku'!K13 | S15: =IF(ISNUMBER(R15),C15*R15/100,0) | T15: ='Referensi Bahan Baku'!L13 | U15: =C15*T15/100 | V15: ='Referensi Bahan Baku'!M13 | W15: =C15*V15/100 | X15: ='Referensi Bahan Baku'!C13 | Y15: =C15*X15/100 | Z15: =C15/100*$AC$2
A16: 11 | B16: Tepung ikan impor | D16: ='Referensi Bahan Baku'!D14 | E16: =C16*D16/100 | F16: ='Referensi Bahan Baku'!E14 | G16: =C16*F16/100 | H16: ='Referensi Bahan Baku'!F14 | I16: =C16*H16/100 | J16: ='Referensi Bahan Baku'!G14 | K16: =C16*J16/100 | L16: ='Referensi Bahan Baku'!H14 | M16: =C16*L16/100 | N16: ='Referensi Bahan Baku'!I14 | O16: =C16*N16/100 | P16: ='Referensi Bahan Baku'!J14 | Q16: =C16*P16/100 | R16: ='Referensi Bahan Baku'!K14 | S16: =IF(ISNUMBER(R16),C16*R16/100,0) | T16: ='Referensi Bahan Baku'!L14 | U16: =C16*T16/100 | V16: ='Referensi Bahan Baku'!M14 | W16: =C16*V16/100 | X16: ='Referensi Bahan Baku'!C14 | Y16: =C16*X16/100 | Z16: =C16/100*$AC$2
A17: 12 | B17: Tepung ikan lokal | C17: 4 | D17: ='Referensi Bahan Baku'!D15 | E17: =C17*D17/100 | F17: ='Referensi Bahan Baku'!E15 | G17: =C17*F17/100 | H17: ='Referensi Bahan Baku'!F15 | I17: =C17*H17/100 | J17: ='Referensi Bahan Baku'!G15 | K17: =C17*J17/100 | L17: ='Referensi Bahan Baku'!H15 | M17: =C17*L17/100 | N17: ='Referensi Bahan Baku'!I15 | O17: =C17*N17/100 | P17: ='Referensi Bahan Baku'!J15 | Q17: =C17*P17/100 | R17: ='Referensi Bahan Baku'!K15 | S17: =IF(ISNUMBER(R17),C17*R17/100,0) | T17: ='Referensi Bahan Baku'!L15 | U17: =C17*T17/100 | V17: ='Referensi Bahan Baku'!M15 | W17: =C17*V17/100 | X17: ='Referensi Bahan Baku'!C15 | Y17: =C17*X17/100 | Z17: =C17/100*$AC$2
A18: 13 | B18: Meat bone meal | D18: ='Referensi Bahan Baku'!D16 | E18: =C18*D18/100 | F18: ='Referensi Bahan Baku'!E16 | G18: =C18*F18/100 | H18: ='Referensi Bahan Baku'!F16 | I18: =C18*H18/100 | J18: ='Referensi Bahan Baku'!G16 | K18: =C18*J18/100 | L18: ='Referensi Bahan Baku'!H16 | M18: =C18*L18/100 | N18: ='Referensi Bahan Baku'!I16 | O18: =C18*N18/100 | P18: ='Referensi Bahan Baku'!J16 | Q18: =C18*P18/100 | R18: ='Referensi Bahan Baku'!K16 | S18: =IF(ISNUMBER(R18),C18*R18/100,0) | T18: ='Referensi Bahan Baku'!L16 | U18: =C18*T18/100 | V18: ='Referensi Bahan Baku'!M16 | W18: =C18*V18/100 | X18: ='Referensi Bahan Baku'!C16 | Y18: =C18*X18/100 | Z18: =C18/100*$AC$2
A19: 14 | B19: CPO / Minyak sawit | C19: 3 | D19: ='Referensi Bahan Baku'!D17 | E19: =C19*D19/100 | F19: ='Referensi Bahan Baku'!E17 | G19: =C19*F19/100 | H19: ='Referensi Bahan Baku'!F17 | I19: =C19*H19/100 | J19: ='Referensi Bahan Baku'!G17 | K19: =C19*J19/100 | L19: ='Referensi Bahan Baku'!H17 | M19: =C19*L19/100 | N19: ='Referensi Bahan Baku'!I17 | O19: =C19*N19/100 | P19: ='Referensi Bahan Baku'!J17 | Q19: =C19*P19/100 | R19: ='Referensi Bahan Baku'!K17 | S19: =IF(ISNUMBER(R19),C19*R19/100,0) | T19: ='Referensi Bahan Baku'!L17 | U19: =C19*T19/100 | V19: ='Referensi Bahan Baku'!M17 | W19: =C19*V19/100 | X19: ='Referensi Bahan Baku'!C17 | Y19: =C19*X19/100 | Z19: =C19/100*$AC$2
A20: 15 | B20: Kapur (limestone) | C20: 1 | D20: ='Referensi Bahan Baku'!D18 | E20: =C20*D20/100 | F20: ='Referensi Bahan Baku'!E18 | G20: =C20*F20/100 | H20: ='Referensi Bahan Baku'!F18 | I20: =C20*H20/100 | J20: ='Referensi Bahan Baku'!G18 | K20: =C20*J20/100 | L20: ='Referensi Bahan Baku'!H18 | M20: =C20*L20/100 | N20: ='Referensi Bahan Baku'!I18 | O20: =C20*N20/100 | P20: ='Referensi Bahan Baku'!J18 | Q20: =C20*P20/100 | R20: ='Referensi Bahan Baku'!K18 | S20: =IF(ISNUMBER(R20),C20*R20/100,0) | T20: ='Referensi Bahan Baku'!L18 | U20: =C20*T20/100 | V20: ='Referensi Bahan Baku'!M18 | W20: =C20*V20/100 | X20: ='Referensi Bahan Baku'!C18 | Y20: =C20*X20/100 | Z20: =C20/100*$AC$2
A21: 16 | B21: DCP | C21: 0.5 | D21: ='Referensi Bahan Baku'!D19 | E21: =C21*D21/100 | F21: ='Referensi Bahan Baku'!E19 | G21: =C21*F21/100 | H21: ='Referensi Bahan Baku'!F19 | I21: =C21*H21/100 | J21: ='Referensi Bahan Baku'!G19 | K21: =C21*J21/100 | L21: ='Referensi Bahan Baku'!H19 | M21: =C21*L21/100 | N21: ='Referensi Bahan Baku'!I19 | O21: =C21*N21/100 | P21: ='Referensi Bahan Baku'!J19 | Q21: =C21*P21/100 | R21: ='Referensi Bahan Baku'!K19 | S21: =IF(ISNUMBER(R21),C21*R21/100,0) | T21: ='Referensi Bahan Baku'!L19 | U21: =C21*T21/100 | V21: ='Referensi Bahan Baku'!M19 | W21: =C21*V21/100 | X21: ='Referensi Bahan Baku'!C19 | Y21: =C21*X21/100 | Z21: =C21/100*$AC$2
A22: 17 | B22: Garam (NaCl) | C22: 0.3 | D22: ='Referensi Bahan Baku'!D20 | E22: =C22*D22/100 | F22: ='Referensi Bahan Baku'!E20 | G22: =C22*F22/100 | H22: ='Referensi Bahan Baku'!F20 | I22: =C22*H22/100 | J22: ='Referensi Bahan Baku'!G20 | K22: =C22*J22/100 | L22: ='Referensi Bahan Baku'!H20 | M22: =C22*L22/100 | N22: ='Referensi Bahan Baku'!I20 | O22: =C22*N22/100 | P22: ='Referensi Bahan Baku'!J20 | Q22: =C22*P22/100 | R22: ='Referensi Bahan Baku'!K20 | S22: =IF(ISNUMBER(R22),C22*R22/100,0) | T22: ='Referensi Bahan Baku'!L20 | U22: =C22*T22/100 | V22: ='Referensi Bahan Baku'!M20 | W22: =C22*V22/100 | X22: ='Referensi Bahan Baku'!C20 | Y22: =C22*X22/100 | Z22: =C22/100*$AC$2
A23: 18 | B23: Kolin Klorida 60% | D23: ='Referensi Bahan Baku'!D21 | E23: =C23*D23/100 | F23: ='Referensi Bahan Baku'!E21 | G23: =C23*F23/100 | H23: ='Referensi Bahan Baku'!F21 | I23: =C23*H23/100 | J23: ='Referensi Bahan Baku'!G21 | K23: =C23*J23/100 | L23: ='Referensi Bahan Baku'!H21 | M23: =C23*L23/100 | N23: ='Referensi Bahan Baku'!I21 | O23: =C23*N23/100 | P23: ='Referensi Bahan Baku'!J21 | Q23: =C23*P23/100 | R23: ='Referensi Bahan Baku'!K21 | S23: =IF(ISNUMBER(R23),C23*R23/100,0) | T23: ='Referensi Bahan Baku'!L21 | U23: =C23*T23/100 | V23: ='Referensi Bahan Baku'!M21 | W23: =C23*V23/100 | X23: ='Referensi Bahan Baku'!C21 | Y23: =C23*X23/100 | Z23: =C23/100*$AC$2
A24: 19 | B24: Premix vit-mineral | C24: 0.3 | D24: ='Referensi Bahan Baku'!D22 | E24: =C24*D24/100 | F24: ='Referensi Bahan Baku'!E22 | G24: =C24*F24/100 | H24: ='Referensi Bahan Baku'!F22 | I24: =C24*H24/100 | J24: ='Referensi Bahan Baku'!G22 | K24: =C24*J24/100 | L24: ='Referensi Bahan Baku'!H22 | M24: =C24*L24/100 | N24: ='Referensi Bahan Baku'!I22 | O24: =C24*N24/100 | P24: ='Referensi Bahan Baku'!J22 | Q24: =C24*P24/100 | R24: ='Referensi Bahan Baku'!K22 | S24: =IF(ISNUMBER(R24),C24*R24/100,0) | T24: ='Referensi Bahan Baku'!L22 | U24: =C24*T24/100 | V24: ='Referensi Bahan Baku'!M22 | W24: =C24*V24/100 | X24: ='Referensi Bahan Baku'!C22 | Y24: =C24*X24/100 | Z24: =C24/100*$AC$2
A25: 20 | B25: Konsentrat | D25: ='Referensi Bahan Baku'!D23 | E25: =C25*D25/100 | F25: ='Referensi Bahan Baku'!E23 | G25: =C25*F25/100 | H25: ='Referensi Bahan Baku'!F23 | I25: =C25*H25/100 | J25: ='Referensi Bahan Baku'!G23 | K25: =C25*J25/100 | L25: ='Referensi Bahan Baku'!H23 | M25: =C25*L25/100 | N25: ='Referensi Bahan Baku'!I23 | O25: =C25*N25/100 | P25: ='Referensi Bahan Baku'!J23 | Q25: =C25*P25/100 | R25: ='Referensi Bahan Baku'!K23 | S25: =IF(ISNUMBER(R25),C25*R25/100,0) | T25: ='Referensi Bahan Baku'!L23 | U25: =C25*T25/100 | V25: ='Referensi Bahan Baku'!M23 | W25: =C25*V25/100 | X25: ='Referensi Bahan Baku'!C23 | Y25: =C25*X25/100 | Z25: =C25/100*$AC$2
A26: 21 | B26: L-Lysin HCl | C26: 0.1 | D26: ='Referensi Bahan Baku'!D24 | E26: =C26*D26/100 | F26: ='Referensi Bahan Baku'!E24 | G26: =C26*F26/100 | H26: ='Referensi Bahan Baku'!F24 | I26: =C26*H26/100 | J26: ='Referensi Bahan Baku'!G24 | K26: =C26*J26/100 | L26: ='Referensi Bahan Baku'!H24 | M26: =C26*L26/100 | N26: ='Referensi Bahan Baku'!I24 | O26: =C26*N26/100 | P26: ='Referensi Bahan Baku'!J24 | Q26: =C26*P26/100 | R26: ='Referensi Bahan Baku'!K24 | S26: =IF(ISNUMBER(R26),C26*R26/100,0) | T26: ='Referensi Bahan Baku'!L24 | U26: =C26*T26/100 | V26: ='Referensi Bahan Baku'!M24 | W26: =C26*V26/100 | X26: ='Referensi Bahan Baku'!C24 | Y26: =C26*X26/100 | Z26: =C26/100*$AC$2
A27: 22 | B27: DL-Methionine | C27: 0.1 | D27: ='Referensi Bahan Baku'!D25 | E27: =C27*D27/100 | F27: ='Referensi Bahan Baku'!E25 | G27: =C27*F27/100 | H27: ='Referensi Bahan Baku'!F25 | I27: =C27*H27/100 | J27: ='Referensi Bahan Baku'!G25 | K27: =C27*J27/100 | L27: ='Referensi Bahan Baku'!H25 | M27: =C27*L27/100 | N27: ='Referensi Bahan Baku'!I25 | O27: =C27*N27/100 | P27: ='Referensi Bahan Baku'!J25 | Q27: =C27*P27/100 | R27: ='Referensi Bahan Baku'!K25 | S27: =IF(ISNUMBER(R27),C27*R27/100,0) | T27: ='Referensi Bahan Baku'!L25 | U27: =C27*T27/100 | V27: ='Referensi Bahan Baku'!M25 | W27: =C27*V27/100 | X27: ='Referensi Bahan Baku'!C25 | Y27: =C27*X27/100 | Z27: =C27/100*$AC$2
A28: 23 | B28: Threonine | D28: ='Referensi Bahan Baku'!D26 | E28: =C28*D28/100 | F28: ='Referensi Bahan Baku'!E26 | G28: =C28*F28/100 | H28: ='Referensi Bahan Baku'!F26 | I28: =C28*H28/100 | J28: ='Referensi Bahan Baku'!G26 | K28: =C28*J28/100 | L28: ='Referensi Bahan Baku'!H26 | M28: =C28*L28/100 | N28: ='Referensi Bahan Baku'!I26 | O28: =C28*N28/100 | P28: ='Referensi Bahan Baku'!J26 | Q28: =C28*P28/100 | R28: ='Referensi Bahan Baku'!K26 | S28: =IF(ISNUMBER(R28),C28*R28/100,0) | T28: ='Referensi Bahan Baku'!L26 | U28: =C28*T28/100 | V28: ='Referensi Bahan Baku'!M26 | W28: =C28*V28/100 | X28: ='Referensi Bahan Baku'!C26 | Y28: =C28*X28/100 | Z28: =C28/100*$AC$2
A29: 24 | B29: Triptofan | D29: ='Referensi Bahan Baku'!D27 | E29: =C29*D29/100 | F29: ='Referensi Bahan Baku'!E27 | G29: =C29*F29/100 | H29: ='Referensi Bahan Baku'!F27 | I29: =C29*H29/100 | J29: ='Referensi Bahan Baku'!G27 | K29: =C29*J29/100 | L29: ='Referensi Bahan Baku'!H27 | M29: =C29*L29/100 | N29: ='Referensi Bahan Baku'!I27 | O29: =C29*N29/100 | P29: ='Referensi Bahan Baku'!J27 | Q29: =C29*P29/100 | R29: ='Referensi Bahan Baku'!K27 | S29: =IF(ISNUMBER(R29),C29*R29/100,0) | T29: ='Referensi Bahan Baku'!L27 | U29: =C29*T29/100 | V29: ='Referensi Bahan Baku'!M27 | W29: =C29*V29/100 | X29: ='Referensi Bahan Baku'!C27 | Y29: =C29*X29/100 | Z29: =C29/100*$AC$2
A30: 25 | B30: Toxin binder | C30: 0.5 | D30: ='Referensi Bahan Baku'!D28 | E30: =C30*D30/100 | F30: ='Referensi Bahan Baku'!E28 | G30: =C30*F30/100 | H30: ='Referensi Bahan Baku'!F28 | I30: =C30*H30/100 | J30: ='Referensi Bahan Baku'!G28 | K30: =C30*J30/100 | L30: ='Referensi Bahan Baku'!H28 | M30: =C30*L30/100 | N30: ='Referensi Bahan Baku'!I28 | O30: =C30*N30/100 | P30: ='Referensi Bahan Baku'!J28 | Q30: =C30*P30/100 | R30: ='Referensi Bahan Baku'!K28 | S30: =IF(ISNUMBER(R30),C30*R30/100,0) | T30: ='Referensi Bahan Baku'!L28 | U30: =C30*T30/100 | V30: ='Referensi Bahan Baku'!M28 | W30: =C30*V30/100 | X30: ='Referensi Bahan Baku'!C28 | Y30: =C30*X30/100 | Z30: =C30/100*$AC$2
A31: 26 | B31: Enzim Fitase | C31: 0.2 | D31: ='Referensi Bahan Baku'!D29 | E31: =C31*D31/100 | F31: ='Referensi Bahan Baku'!E29 | G31: =C31*F31/100 | H31: ='Referensi Bahan Baku'!F29 | I31: =C31*H31/100 | J31: ='Referensi Bahan Baku'!G29 | K31: =C31*J31/100 | L31: ='Referensi Bahan Baku'!H29 | M31: =C31*L31/100 | N31: ='Referensi Bahan Baku'!I29 | O31: =C31*N31/100 | P31: ='Referensi Bahan Baku'!J29 | Q31: =C31*P31/100 | R31: ='Referensi Bahan Baku'!K29 | S31: =IF(ISNUMBER(R31),C31*R31/100,0) | T31: ='Referensi Bahan Baku'!L29 | U31: =C31*T31/100 | V31: ='Referensi Bahan Baku'!M29 | W31: =C31*V31/100 | X31: ='Referensi Bahan Baku'!C29 | Y31: =C31*X31/100 | Z31: =C31/100*$AC$2
A32: 27 | B32: Enzim NSP | D32: ='Referensi Bahan Baku'!D30 | E32: =C32*D32/100 | F32: ='Referensi Bahan Baku'!E30 | G32: =C32*F32/100 | H32: ='Referensi Bahan Baku'!F30 | I32: =C32*H32/100 | J32: ='Referensi Bahan Baku'!G30 | K32: =C32*J32/100 | L32: ='Referensi Bahan Baku'!H30 | M32: =C32*L32/100 | N32: ='Referensi Bahan Baku'!I30 | O32: =C32*N32/100 | P32: ='Referensi Bahan Baku'!J30 | Q32: =C32*P32/100 | R32: ='Referensi Bahan Baku'!K30 | S32: =IF(ISNUMBER(R32),C32*R32/100,0) | T32: ='Referensi Bahan Baku'!L30 | U32: =C32*T32/100 | V32: ='Referensi Bahan Baku'!M30 | W32: =C32*V32/100 | X32: ='Referensi Bahan Baku'!C30 | Y32: =C32*X32/100 | Z32: =C32/100*$AC$2
A33: TOTAL | C33: =SUM(C6:C32) | D33: — | E33: =SUM(E6:E32) | F33: — | G33: =SUM(G6:G32) | H33: — | I33: =SUM(I6:I32) | J33: — | K33: =SUM(K6:K32) | L33: — | M33: =SUM(M6:M32) | N33: — | O33: =SUM(O6:O32) | P33: — | Q33: =SUM(Q6:Q32) | R33: — | S33: =SUM(S6:S32) | T33: — | U33: =SUM(U6:U32) | V33: — | W33: =SUM(W6:W32) | X33: Harga Pokok → | Y33: =SUM(Y6:Y32) | Z33: =SUM(Z6:Z32)
A35: BATAS & TARGET NUTRISI — STANDAR BROILER STARTER (SNI 01-3931 / NRC)
A36: Label | B36: Keterangan | C36: Total Proporsi (%) | E36: Protein Kasar (%) | G36: Lemak Kasar (%) | I36: Serat Kasar (%) | K36: Abu (%) | M36: Kalsium/Ca (%) | O36: Fosfor tsd (%) | Q36: Kadar Air (%) | S36: ME (kcal/kg) | U36: Lisin (%) | W36: Metionin (%) | Y36: Harga Pokok (Rp/kg)
A37: AKTUAL | B37: (dari formula di atas) | C37: =C33 | E37: =G33 | G37: =I33 | I37: =K33 | K37: =M33 | M37: =O33 | O37: =Q33 | Q37: =E33 | S37: =S33 | U37: =U33 | W37: =W33 | Y37: =Y33
A38: TARGET MIN | B38: Standar min SNI/NRC → | C38: 100 | E38: 21 | G38: 5 | M38: 0.9 | O38: 0.45 | S38: 2900 | U38: 1 | W38: 0.4
A39: TARGET MAX | B39: Standar maks SNI/NRC → | C39: 100 | I39: 6 | K39: 8 | M39: 1.2 | Q39: 14
A40: STATUS | B40: Cek otomatis | C40: =IF(AND(C37>=C38,C37<=C39),"✅ OK","⚠️ KURANG") | E40: =IF(E37>=E38,"✅ OK","⚠️ KURANG") | G40: =IF(G37>=G38,"✅ OK","⚠️ KURANG") | I40: =IF(I37<=I39,"✅ OK","⚠️ KURANG") | K40: =IF(K37<=K39,"✅ OK","⚠️ KURANG") | M40: =IF(AND(M37>=M38,M37<=M39),"✅ OK","⚠️ KURANG") | O40: =IF(O37>=O38,"✅ OK","⚠️ KURANG") | Q40: =IF(Q37<=Q39,"✅ OK","⚠️ KURANG") | S40: =IF(S37>=S38,"✅ OK","⚠️ KURANG") | U40: =IF(U37>=U38,"✅ OK","⚠️ KURANG") | W40: =IF(W37>=W38,"✅ OK","⚠️ KURANG")
A42: 💡 CARA PAKAI: Ubah Proporsi (%) di Kolom C → nutrisi & biaya otomatis terhitung. Isi Total Batch (kg) di AC2 → Kolom Z = kebutuhan bahan per batch. Edit nilai nutrisi / harga di sheet 'Referensi Bahan Baku' → langsung update ke sini. Pastikan Total Proporsi = 100%.
A43: ⚡ KOLOM ORANGE = Kamu yang isi | KOLOM HIJAU = Otomatis terhitung | TOTAL ROW = Cek keseluruhan | STATUS ✅ = memenuhi standar | ⚠️ = perlu penyesuaian

Sheet Perbandingan Formula
A1: LEMBAR PERBANDINGAN FORMULA PAKAN AYAM — PPBIB
A2: No | B2: Nama Bahan | C2: Harga/kg (Rp) | D2: Protein (%) | E2: Formula A Proporsi (%) ⬅ auto Builder | F2: Formula A Kontrib Protein | G2: Formula B Proporsi (%) (isi manual) | H2: Formula B Kontrib Protein | I2: Selisih Proporsi
A3: 1 | B3: ='Referensi Bahan Baku'!B4 | C3: ='Referensi Bahan Baku'!C4 | D3: ='Referensi Bahan Baku'!E4 | E3: ='Formula Builder'!C6 | F3: =E3*D3/100 | H3: =G3*D3/100 | I3: =G3-E3
A4: 2 | B4: ='Referensi Bahan Baku'!B5 | C4: ='Referensi Bahan Baku'!C5 | D4: ='Referensi Bahan Baku'!E5 | E4: ='Formula Builder'!C7 | F4: =E4*D4/100 | H4: =G4*D4/100 | I4: =G4-E4
A5: 3 | B5: ='Referensi Bahan Baku'!B6 | C5: ='Referensi Bahan Baku'!C6 | D5: ='Referensi Bahan Baku'!E6 | E5: ='Formula Builder'!C8 | F5: =E5*D5/100 | H5: =G5*D5/100 | I5: =G5-E5
A6: 4 | B6: ='Referensi Bahan Baku'!B7 | C6: ='Referensi Bahan Baku'!C7 | D6: ='Referensi Bahan Baku'!E7 | E6: ='Formula Builder'!C9 | F6: =E6*D6/100 | H6: =G6*D6/100 | I6: =G6-E6
A7: 5 | B7: ='Referensi Bahan Baku'!B8 | C7: ='Referensi Bahan Baku'!C8 | D7: ='Referensi Bahan Baku'!E8 | E7: ='Formula Builder'!C10 | F7: =E7*D7/100 | H7: =G7*D7/100 | I7: =G7-E7
A8: 6 | B8: ='Referensi Bahan Baku'!B9 | C8: ='Referensi Bahan Baku'!C9 | D8: ='Referensi Bahan Baku'!E9 | E8: ='Formula Builder'!C11 | F8: =E8*D8/100 | H8: =G8*D8/100 | I8: =G8-E8
A9: 7 | B9: ='Referensi Bahan Baku'!B10 | C9: ='Referensi Bahan Baku'!C10 | D9: ='Referensi Bahan Baku'!E10 | E9: ='Formula Builder'!C12 | F9: =E9*D9/100 | H9: =G9*D9/100 | I9: =G9-E9
A10: 8 | B10: ='Referensi Bahan Baku'!B11 | C10: ='Referensi Bahan Baku'!C11 | D10: ='Referensi Bahan Baku'!E11 | E10: ='Formula Builder'!C13 | F10: =E10*D10/100 | H10: =G10*D10/100 | I10: =G10-E10
A11: 9 | B11: ='Referensi Bahan Baku'!B12 | C11: ='Referensi Bahan Baku'!C12 | D11: ='Referensi Bahan Baku'!E12 | E11: ='Formula Builder'!C14 | F11: =E11*D11/100 | H11: =G11*D11/100 | I11: =G11-E11
A12: 10 | B12: ='Referensi Bahan Baku'!B13 | C12: ='Referensi Bahan Baku'!C13 | D12: ='Referensi Bahan Baku'!E13 | E12: ='Formula Builder'!C15 | F12: =E12*D12/100 | H12: =G12*D12/100 | I12: =G12-E12
A13: 11 | B13: ='Referensi Bahan Baku'!B14 | C13: ='Referensi Bahan Baku'!C14 | D13: ='Referensi Bahan Baku'!E14 | E13: ='Formula Builder'!C16 | F13: =E13*D13/100 | H13: =G13*D13/100 | I13: =G13-E13
A14: 12 | B14: ='Referensi Bahan Baku'!B15 | C14: ='Referensi Bahan Baku'!C15 | D14: ='Referensi Bahan Baku'!E15 | E14: ='Formula Builder'!C17 | F14: =E14*D14/100 | H14: =G14*D14/100 | I14: =G14-E14
... A29: 27 | B29: ='Referensi Bahan Baku'!B30 | C29: ='Referensi Bahan Baku'!C30 | D29: ='Referensi Bahan Baku'!E30 | E29: ='Formula Builder'!C32 | F29: =E29*D29/100 | H29: =G29*D29/100 | I29: =G29-E29
A30: TOTAL | C30: Harga Pokok → | E30: =SUM(E3:E29) | F30: =SUM(F3:F29) | G30: =SUM(G3:G29) | H30: =SUM(H3:H29) | I30: =SUM(I3:I29)
A32: 📊 RINGKASAN OTOMATIS — FORMULA A vs FORMULA B
A33: Nutrisi | E33: Formula A | G33: Formula B | I33: Selisih (A−B)
A34: Total Proporsi (%) | E34: =SUM(E3:E29) | G34: =SUM(G3:G29) | I34: =E34-G34
A35: Protein Kasar (%) | E35: =SUMPRODUCT(E3:E29,'Referensi Bahan Baku'!E4:E30)/100 | G35: =SUMPRODUCT(G3:G29,'Referensi Bahan Baku'!E4:E30)/100 | I35: =E35-G35
A36: Lemak Kasar (%) | E36: =SUMPRODUCT(E3:E29,'Referensi Bahan Baku'!F4:F30)/100 | G36: =SUMPRODUCT(G3:G29,'Referensi Bahan Baku'!F4:F30)/100 | I36: =E36-G36
A37: Serat Kasar (%) | E37: =SUMPRODUCT(E3:E29,'Referensi Bahan Baku'!G4:G30)/100 | G37: =SUMPRODUCT(G3:G29,'Referensi Bahan Baku'!G4:G30)/100 | I37: =E37-G37
A38: Abu (%) | E38: =SUMPRODUCT(E3:E29,'Referensi Bahan Baku'!H4:H30)/100 | G38: =SUMPRODUCT(G3:G29,'Referensi Bahan Baku'!H4:H30)/100 | I38: =E38-G38
A39: Kalsium/Ca (%) | E39: =SUMPRODUCT(E3:E29,'Referensi Bahan Baku'!I4:I30)/100 | G39: =SUMPRODUCT(G3:G29,'Referensi Bahan Baku'!I4:I30)/100 | I39: =E39-G39
A40: Fosfor tersedia (%) | E40: =SUMPRODUCT(E3:E29,'Referensi Bahan Baku'!J4:J30)/100 | G40: =SUMPRODUCT(G3:G29,'Referensi Bahan Baku'!J4:J30)/100 | I40: =E40-G40
A41: Kadar Air (%) | E41: =SUMPRODUCT(E3:E29,'Referensi Bahan Baku'!D4:D30)/100 | G41: =SUMPRODUCT(G3:G29,'Referensi Bahan Baku'!D4:D30)/100 | I41: =E41-G41
A42: ME (kcal/kg) | E42: =SUMPRODUCT(E3:E29,IF(ISNUMBER('Referensi Bahan Baku'!K4:K30),'Referensi Bahan Baku'!K4:K30,0))/100 | G42: =SUMPRODUCT(G3:G29,IF(ISNUMBER('Referensi Bahan Baku'!K4:K30),'Referensi Bahan Baku'!K4:K30,0))/100 | I42: =E42-G42
A43: Lisin (%) | E43: =SUMPRODUCT(E3:E29,'Referensi Bahan Baku'!L4:L30)/100 | G43: =SUMPRODUCT(G3:G29,'Referensi Bahan Baku'!L4:L30)/100 | I43: =E43-G43
A44: Metionin (%) | E44: =SUMPRODUCT(E3:E29,'Referensi Bahan Baku'!M4:M30)/100 | G44: =SUMPRODUCT(G3:G29,'Referensi Bahan Baku'!M4:M30)/100 | I44: =E44-G44
A45: Harga Pokok (Rp/kg) | E45: =SUMPRODUCT(E3:E29,C3:C29)/100 | G45: =SUMPRODUCT(G3:G29,C3:C29)/100 | I45: =E45-G45
A47: 💡 Formula A = otomatis dari sheet 'Formula Builder'. Formula B = isi manual di Kolom G untuk membandingkan alternatif formulasi.
